lag,p_value,significativo
1,0.4879569023157921,NO
2,0.17624868554872614,NO
3,0.3020231814605523,NO
4,0.29601455203961813,NO
5,0.08653518372985643,NO
